{"cameraMode":{"drawMode":0,"name":"Shaded","section":"Shading Mode"},"sceneLighting":true,"audioPlay":false,"sceneViewState":{"m_AlwaysRefresh":false,"showFog":true,"showSkybox":true,"showFlares":true,"showImageEffects":true,"showParticleSystems":true,"showVisualEffectGraphs":true,"m_FxEnabled":true},"in2DMode":false,"pivot":{"x":-0.8861266374588013,"y":4.020168781280518,"z":-19.318754196166993},"rotation":{"x":-0.12828722596168519,"y":-0.10038339346647263,"z":0.01305368822067976,"w":-0.9865561723709106},"size":0.6688295006752014,"orthographic":false}